2025-04-05 21:31:13,pressed key I understand,
2025-04-05 21:31:13,Loaded image,/content/TheEndlessTuning/ET_WikiArt_1080px/case_studies/6/1648.jpg
2025-04-05 21:31:19,Proceeding to next page...,
2025-04-05 21:31:29,temporary_notes_3,
2025-04-05 21:31:29,First impression: Art Nouveau Modern,
2025-04-05 21:33:02,temporary_notes_4,
2025-04-05 21:33:02,Second impression: Art Nouveau Modern,
2025-04-05 21:33:18,temporary_notes_5,
2025-04-05 21:33:18,Third impression: Art Nouveau Modern,
2025-04-05 21:34:32,temporary_notes_6,
2025-04-05 21:34:32,Fourth impression: Symbolism,
2025-04-05 21:34:46,temporary_notes_7,
2025-04-05 21:34:46,Fifth impression: Symbolism,
2025-04-05 21:34:56,Model parameters have been tuned.,
